country_code,alpha2,alpha3,official_name_en,official_name_fr,region_name,sub_region_name,intermediate_region_name
-,N/A,N/A,,,,,
93,AF,AFG,Afghanistan,Afghanistan,Asia,Southern Asia,
358,AX,ALA,Åland Islands,Îles d’Åland,Europe,Northern Europe,
355,AL,ALB,Albania,Albanie,Europe,Southern Europe,
213,DZ,DZA,Algeria,Algérie,Africa,Northern Africa,
1684,AS,ASM,American Samoa,Samoa américaines,Oceania,Polynesia,
376,AD,AND,Andorra,Andorre,Europe,Southern Europe,
244,AO,AGO,Angola,Angola,Africa,Sub-Saharan Africa,Middle Africa
1264,AI,AIA,Anguilla,Anguilla,Americas,Latin America and the Caribbean,Caribbean
672,AQ,ATA,Antarctica,Antarctique,,,
1268,AG,ATG,Antigua and Barbuda,Antigua-et-Barbuda,Americas,Latin America and the Caribbean,Caribbean
54,AR,ARG,Argentina,Argentine,Americas,Latin America and the Caribbean,South America
374,AM,ARM,Armenia,Arménie,Asia,Western Asia,
297,AW,ABW,Aruba,Aruba,Americas,Latin America and the Caribbean,Caribbean
61,AU,AUS,Australia,Australie,Oceania,Australia and New Zealand,
43,AT,AUT,Austria,Autriche,Europe,Western Europe,
994,AZ,AZE,Azerbaijan,Azerbaïdjan,Asia,Western Asia,
1242,BS,BHS,Bahamas,Bahamas,Americas,Latin America and the Caribbean,Caribbean
973,BH,BHR,Bahrain,Bahreïn,Asia,Western Asia,
880,BD,BGD,Bangladesh,Bangladesh,Asia,Southern Asia,
1246,BB,BRB,Barbados,Barbade,Americas,Latin America and the Caribbean,Caribbean
375,BY,BLR,Belarus,Bélarus,Europe,Eastern Europe,
32,BE,BEL,Belgium,Belgique,Europe,Western Europe,
501,BZ,BLZ,Belize,Belize,Americas,Latin America and the Caribbean,Central America
229,BJ,BEN,Benin,Bénin,Africa,Sub-Saharan Africa,Western Africa
1441,BM,BMU,Bermuda,Bermudes,Americas,Northern America,
975,BT,BTN,Bhutan,Bhoutan,Asia,Southern Asia,
591,BO,BOL,Bolivia (Plurinational State of),Bolivie (État plurinational de),Americas,Latin America and the Caribbean,South America
599,BQ,BES,"Bonaire, Sint Eustatius and Saba","Bonaire, Saint-Eustache et Saba",Americas,Latin America and the Caribbean,Caribbean
387,BA,BIH,Bosnia and Herzegovina,Bosnie-Herzégovine,Europe,Southern Europe,
267,BW,BWA,Botswana,Botswana,Africa,Sub-Saharan Africa,Southern Africa
47,BV,BVT,Bouvet Island,Île Bouvet,Americas,Latin America and the Caribbean,South America
55,BR,BRA,Brazil,Brésil,Americas,Latin America and the Caribbean,South America
246,IO,IOT,British Indian Ocean Territory,Territoire britannique de l'océan Indien,Africa,Sub-Saharan Africa,Eastern Africa
1284,VG,VGB,British Virgin Islands,Îles Vierges britanniques,Americas,Latin America and the Caribbean,Caribbean
673,BN,BRN,Brunei Darussalam,Brunéi Darussalam,Asia,South-eastern Asia,
359,BG,BGR,Bulgaria,Bulgarie,Europe,Eastern Europe,
226,BF,BFA,Burkina Faso,Burkina Faso,Africa,Sub-Saharan Africa,Western Africa
257,BI,BDI,Burundi,Burundi,Africa,Sub-Saharan Africa,Eastern Africa
238,CV,CPV,Cabo Verde,Cabo Verde,Africa,Sub-Saharan Africa,Western Africa
855,KH,KHM,Cambodia,Cambodge,Asia,South-eastern Asia,
237,CM,CMR,Cameroon,Cameroun,Africa,Sub-Saharan Africa,Middle Africa
1,CA,CAN,Canada,Canada,Americas,Northern America,
1345,KY,CYM,Cayman Islands,Îles Caïmanes,Americas,Latin America and the Caribbean,Caribbean
236,CF,CAF,Central African Republic,République centrafricaine,Africa,Sub-Saharan Africa,Middle Africa
235,TD,TCD,Chad,Tchad,Africa,Sub-Saharan Africa,Middle Africa
56,CL,CHL,Chile,Chili,Americas,Latin America and the Caribbean,South America
86,CN,CHN,China,Chine,Asia,Eastern Asia,
852,HK,HKG,Hong Kong,Hong Kong,Asia,Eastern Asia,
853,MO,MAC,Macao,Macao,Asia,Eastern Asia,
61,CX,CXR,Christmas Island,Île Christmas,Oceania,Australia and New Zealand,
61,CC,CCK,Cocos (Keeling) Islands,Îles des Cocos (Keeling),Oceania,Australia and New Zealand,
57,CO,COL,Colombia,Colombie,Americas,Latin America and the Caribbean,South America
269,KM,COM,Comoros,Comores,Africa,Sub-Saharan Africa,Eastern Africa
242,CG,COG,Congo,Congo,Africa,Sub-Saharan Africa,Middle Africa
682,CK,COK,Cook Islands,Îles Cook,Oceania,Polynesia,
506,CR,CRI,Costa Rica,Costa Rica,Americas,Latin America and the Caribbean,Central America
385,HR,HRV,Croatia,Croatie,Europe,Southern Europe,
53,CU,CUB,Cuba,Cuba,Americas,Latin America and the Caribbean,Caribbean
599,CW,CUW,Curaçao,Curaçao,Americas,Latin America and the Caribbean,Caribbean
357,CY,CYP,Cyprus,Chypre,Asia,Western Asia,
420,CZ,CZE,Czechia,Tchéquie,Europe,Eastern Europe,
850,KP,PRK,Democratic People's Republic of Korea,République populaire démocratique de Corée,Asia,Eastern Asia,
243,CD,COD,Democratic Republic of the Congo,République démocratique du Congo,Africa,Sub-Saharan Africa,Middle Africa
45,DK,DNK,Denmark,Danemark,Europe,Northern Europe,
253,DJ,DJI,Djibouti,Djibouti,Africa,Sub-Saharan Africa,Eastern Africa
1767,DM,DMA,Dominica,Dominique,Americas,Latin America and the Caribbean,Caribbean
"1809,1829,1849",DO,DOM,Dominican Republic,République dominicaine,Americas,Latin America and the Caribbean,Caribbean
593,EC,ECU,Ecuador,Équateur,Americas,Latin America and the Caribbean,South America
20,EG,EGY,Egypt,Égypte,Africa,Northern Africa,
503,SV,SLV,El Salvador,El Salvador,Americas,Latin America and the Caribbean,Central America
240,GQ,GNQ,Equatorial Guinea,Guinée équatoriale,Africa,Sub-Saharan Africa,Middle Africa
291,ER,ERI,Eritrea,Érythrée,Africa,Sub-Saharan Africa,Eastern Africa
372,EE,EST,Estonia,Estonie,Europe,Northern Europe,
268,SZ,SWZ,Eswatini,Eswatini,Africa,Sub-Saharan Africa,Southern Africa
251,ET,ETH,Ethiopia,Éthiopie,Africa,Sub-Saharan Africa,Eastern Africa
500,FK,FLK,Falkland Islands,Îles Falkland (Malvinas),Americas,Latin America and the Caribbean,South America
298,FO,FRO,Faroe Islands,Îles Féroé,Europe,Northern Europe,
679,FJ,FJI,Fiji,Fidji,Oceania,Melanesia,
358,FI,FIN,Finland,Finlande,Europe,Northern Europe,
33,FR,FRA,France,France,Europe,Western Europe,
594,GF,GUF,French Guiana,Guyane française,Americas,Latin America and the Caribbean,South America
689,PF,PYF,French Polynesia,Polynésie française,Oceania,Polynesia,
262,TF,ATF,French Southern Territories,Terres australes françaises,Africa,Sub-Saharan Africa,Eastern Africa
241,GA,GAB,Gabon,Gabon,Africa,Sub-Saharan Africa,Middle Africa
220,GM,GMB,Gambia,Gambie,Africa,Sub-Saharan Africa,Western Africa
995,GE,GEO,Georgia,Géorgie,Asia,Western Asia,
49,DE,DEU,Germany,Allemagne,Europe,Western Europe,
233,GH,GHA,Ghana,Ghana,Africa,Sub-Saharan Africa,Western Africa
350,GI,GIB,Gibraltar,Gibraltar,Europe,Southern Europe,
30,GR,GRC,Greece,Grèce,Europe,Southern Europe,
299,GL,GRL,Greenland,Groenland,Americas,Northern America,
1473,GD,GRD,Grenada,Grenade,Americas,Latin America and the Caribbean,Caribbean
590,GP,GLP,Guadeloupe,Guadeloupe,Americas,Latin America and the Caribbean,Caribbean
1671,GU,GUM,Guam,Guam,Oceania,Micronesia,
502,GT,GTM,Guatemala,Guatemala,Americas,Latin America and the Caribbean,Central America
44,GG,GGY,Guernsey,Guernesey,Europe,Northern Europe,
224,GN,GIN,Guinea,Guinée,Africa,Sub-Saharan Africa,Western Africa
245,GW,GNB,Guinea-Bissau,Guinée-Bissau,Africa,Sub-Saharan Africa,Western Africa
592,GY,GUY,Guyana,Guyana,Americas,Latin America and the Caribbean,South America
509,HT,HTI,Haiti,Haïti,Americas,Latin America and the Caribbean,Caribbean
672,HM,HMD,Heard Island and McDonald Islands,Île Heard-et-Îles MacDonald,Oceania,Australia and New Zealand,
3906,VA,VAT,Holy See,Saint-Siège,Europe,Southern Europe,
504,HN,HND,Honduras,Honduras,Americas,Latin America and the Caribbean,Central America
36,HU,HUN,Hungary,Hongrie,Europe,Eastern Europe,
354,IS,ISL,Iceland,Islande,Europe,Northern Europe,
91,IN,IND,India,Inde,Asia,Southern Asia,
62,ID,IDN,Indonesia,Indonésie,Asia,South-eastern Asia,
98,IR,IRN,Iran (Islamic Republic of),Iran (République islamique d’),Asia,Southern Asia,
964,IQ,IRQ,Iraq,Iraq,Asia,Western Asia,
353,IE,IRL,Ireland,Irlande,Europe,Northern Europe,
44,IM,IMN,Isle of Man,Île de Man,Europe,Northern Europe,
972,IL,ISR,Israel,Israël,Asia,Western Asia,
39,IT,ITA,Italy,Italie,Europe,Southern Europe,
225,CI,CIV,Ivory Coast,Côte d’Ivoire,Africa,Sub-Saharan Africa,Western Africa
1876,JM,JAM,Jamaica,Jamaïque,Americas,Latin America and the Caribbean,Caribbean
81,JP,JPN,Japan,Japon,Asia,Eastern Asia,
44,JE,JEY,Jersey,Jersey,Europe,Northern Europe,
962,JO,JOR,Jordan,Jordanie,Asia,Western Asia,
7,KZ,KAZ,Kazakhstan,Kazakhstan,Asia,Central Asia,
254,KE,KEN,Kenya,Kenya,Africa,Sub-Saharan Africa,Eastern Africa
686,KI,KIR,Kiribati,Kiribati,Oceania,Micronesia,
965,KW,KWT,Kuwait,Koweït,Asia,Western Asia,
996,KG,KGZ,Kyrgyzstan,Kirghizistan,Asia,Central Asia,
856,LA,LAO,Laos,Laos,Asia,South-eastern Asia,
371,LV,LVA,Latvia,Lettonie,Europe,Northern Europe,
961,LB,LBN,Lebanon,Liban,Asia,Western Asia,
266,LS,LSO,Lesotho,Lesotho,Africa,Sub-Saharan Africa,Southern Africa
231,LR,LBR,Liberia,Libéria,Africa,Sub-Saharan Africa,Western Africa
218,LY,LBY,Libya,Libye,Africa,Northern Africa,
423,LI,LIE,Liechtenstein,Liechtenstein,Europe,Western Europe,
370,LT,LTU,Lithuania,Lituanie,Europe,Northern Europe,
352,LU,LUX,Luxembourg,Luxembourg,Europe,Western Europe,
261,MG,MDG,Madagascar,Madagascar,Africa,Sub-Saharan Africa,Eastern Africa
265,MW,MWI,Malawi,Malawi,Africa,Sub-Saharan Africa,Eastern Africa
60,MY,MYS,Malaysia,Malaisie,Asia,South-eastern Asia,
960,MV,MDV,Maldives,Maldives,Asia,Southern Asia,
223,ML,MLI,Mali,Mali,Africa,Sub-Saharan Africa,Western Africa
356,MT,MLT,Malta,Malte,Europe,Southern Europe,
692,MH,MHL,Marshall Islands,Îles Marshall,Oceania,Micronesia,
596,MQ,MTQ,Martinique,Martinique,Americas,Latin America and the Caribbean,Caribbean
222,MR,MRT,Mauritania,Mauritanie,Africa,Sub-Saharan Africa,Western Africa
230,MU,MUS,Mauritius,Maurice,Africa,Sub-Saharan Africa,Eastern Africa
262,YT,MYT,Mayotte,Mayotte,Africa,Sub-Saharan Africa,Eastern Africa
52,MX,MEX,Mexico,Mexique,Americas,Latin America and the Caribbean,Central America
691,FM,FSM,Micronesia (Federated States of),Micronésie (États fédérés de),Oceania,Micronesia,
377,MC,MCO,Monaco,Monaco,Europe,Western Europe,
976,MN,MNG,Mongolia,Mongolie,Asia,Eastern Asia,
382,ME,MNE,Montenegro,Monténégro,Europe,Southern Europe,
1664,MS,MSR,Montserrat,Montserrat,Americas,Latin America and the Caribbean,Caribbean
212,MA,MAR,Morocco,Maroc,Africa,Northern Africa,
258,MZ,MOZ,Mozambique,Mozambique,Africa,Sub-Saharan Africa,Eastern Africa
95,MM,MMR,Myanmar,Myanmar,Asia,South-eastern Asia,
264,NA,NAM,Namibia,Namibie,Africa,Sub-Saharan Africa,Southern Africa
674,NR,NRU,Nauru,Nauru,Oceania,Micronesia,
977,NP,NPL,Nepal,Népal,Asia,Southern Asia,
31,NL,NLD,Netherlands,Pays-Bas (Royaume des),Europe,Western Europe,
687,NC,NCL,New Caledonia,Nouvelle-Calédonie,Oceania,Melanesia,
64,NZ,NZL,New Zealand,Nouvelle-Zélande,Oceania,Australia and New Zealand,
505,NI,NIC,Nicaragua,Nicaragua,Americas,Latin America and the Caribbean,Central America
227,NE,NER,Niger,Niger,Africa,Sub-Saharan Africa,Western Africa
234,NG,NGA,Nigeria,Nigéria,Africa,Sub-Saharan Africa,Western Africa
683,NU,NIU,Niue,Nioué,Oceania,Polynesia,
672,NF,NFK,Norfolk Island,Île Norfolk,Oceania,Australia and New Zealand,
1670,MP,MNP,Northern Mariana Islands,Îles Mariannes du Nord,Oceania,Micronesia,
389,MK,MKD,North Macedonia,Macédoine du Nord,Europe,Southern Europe,
47,NO,NOR,Norway,Norvège,Europe,Northern Europe,
968,OM,OMN,Oman,Oman,Asia,Western Asia,
92,PK,PAK,Pakistan,Pakistan,Asia,Southern Asia,
680,PW,PLW,Palau,Palaos,Oceania,Micronesia,
507,PA,PAN,Panama,Panama,Americas,Latin America and the Caribbean,Central America
675,PG,PNG,Papua New Guinea,Papouasie-Nouvelle-Guinée,Oceania,Melanesia,
595,PY,PRY,Paraguay,Paraguay,Americas,Latin America and the Caribbean,South America
51,PE,PER,Peru,Pérou,Americas,Latin America and the Caribbean,South America
63,PH,PHL,Philippines,Philippines,Asia,South-eastern Asia,
870,PN,PCN,Pitcairn,Pitcairn,Oceania,Polynesia,
48,PL,POL,Poland,Pologne,Europe,Eastern Europe,
351,PT,PRT,Portugal,Portugal,Europe,Southern Europe,
1,PR,PRI,Puerto Rico,Porto Rico,Americas,Latin America and the Caribbean,Caribbean
974,QA,QAT,Qatar,Qatar,Asia,Western Asia,
82,KR,KOR,South Korea,Corée du sud,Asia,Eastern Asia,
373,MD,MDA,Republic of Moldova,République de Moldova,Europe,Eastern Europe,
262,RE,REU,Réunion,Réunion,Africa,Sub-Saharan Africa,Eastern Africa
40,RO,ROU,Romania,Roumanie,Europe,Eastern Europe,
7,RU,RUS,Russian Federation,Fédération de Russie,Europe,Eastern Europe,
250,RW,RWA,Rwanda,Rwanda,Africa,Sub-Saharan Africa,Eastern Africa
590,BL,BLM,Saint Barthélemy,Saint-Barthélemy,Americas,Latin America and the Caribbean,Caribbean
290 n,SH,SHN,Saint Helena,Sainte-Hélène,Africa,Sub-Saharan Africa,Western Africa
1869,KN,KNA,Saint Kitts and Nevis,Saint-Kitts-et-Nevis,Americas,Latin America and the Caribbean,Caribbean
1758,LC,LCA,Saint Lucia,Sainte-Lucie,Americas,Latin America and the Caribbean,Caribbean
590,MF,MAF,Saint Martin (French Part),Saint-Martin (partie française),Americas,Latin America and the Caribbean,Caribbean
508,PM,SPM,Saint Pierre and Miquelon,Saint-Pierre-et-Miquelon,Americas,Northern America,
1784,VC,VCT,Saint Vincent and the Grenadines,Saint-Vincent-et-les Grenadines,Americas,Latin America and the Caribbean,Caribbean
685,WS,WSM,Samoa,Samoa,Oceania,Polynesia,
378,SM,SMR,San Marino,Saint-Marin,Europe,Southern Europe,
239,ST,STP,Sao Tome and Principe,Sao Tomé-et-Principe,Africa,Sub-Saharan Africa,Middle Africa
966,SA,SAU,Saudi Arabia,Arabie saoudite,Asia,Western Asia,
221,SN,SEN,Senegal,Sénégal,Africa,Sub-Saharan Africa,Western Africa
381 p,RS,SRB,Serbia,Serbie,Europe,Southern Europe,
248,SC,SYC,Seychelles,Seychelles,Africa,Sub-Saharan Africa,Eastern Africa
232,SL,SLE,Sierra Leone,Sierra Leone,Africa,Sub-Saharan Africa,Western Africa
65,SG,SGP,Singapore,Singapour,Asia,South-eastern Asia,
1721,SX,SXM,Sint Maarten (Dutch part),Saint-Martin (partie néerlandaise),Americas,Latin America and the Caribbean,Caribbean
421,SK,SVK,Slovakia,Slovaquie,Europe,Eastern Europe,
386,SI,SVN,Slovenia,Slovénie,Europe,Southern Europe,
677,SB,SLB,Solomon Islands,Îles Salomon,Oceania,Melanesia,
252,SO,SOM,Somalia,Somalie,Africa,Sub-Saharan Africa,Eastern Africa
27,ZA,ZAF,South Africa,Afrique du Sud,Africa,Sub-Saharan Africa,Southern Africa
500,GS,SGS,South Georgia and the South Sandwich Islands,Géorgie du Sud-et-les Îles Sandwich du Sud,Americas,Latin America and the Caribbean,South America
211,SS,SSD,South Sudan,Soudan du Sud,Africa,Sub-Saharan Africa,Eastern Africa
34,ES,ESP,Spain,Espagne,Europe,Southern Europe,
94,LK,LKA,Sri Lanka,Sri Lanka,Asia,Southern Asia,
970,PS,PSE,State of Palestine,État de Palestine,Asia,Western Asia,
249,SD,SDN,Sudan,Soudan,Africa,Northern Africa,
597,SR,SUR,Suriname,Suriname,Americas,Latin America and the Caribbean,South America
47,SJ,SJM,Svalbard and Jan Mayen Islands,Îles Svalbard-et-Jan Mayen,Europe,Northern Europe,
46,SE,SWE,Sweden,Suède,Europe,Northern Europe,
41,CH,CHE,Switzerland,Suisse,Europe,Western Europe,
963,SY,SYR,Syrian Arab Republic,République arabe syrienne,Asia,Western Asia,
886,TW,TWN,Taiwan,Taïwan,Asia,Eastern Asia,
992,TJ,TJK,Tajikistan,Tadjikistan,Asia,Central Asia,
66,TH,THA,Thailand,Thaïlande,Asia,South-eastern Asia,
670,TL,TLS,Timor-Leste,Timor-Leste,Asia,South-eastern Asia,
228,TG,TGO,Togo,Togo,Africa,Sub-Saharan Africa,Western Africa
690,TK,TKL,Tokelau,Tokélaou,Oceania,Polynesia,
676,TO,TON,Tonga,Tonga,Oceania,Polynesia,
1868,TT,TTO,Trinidad and Tobago,Trinité-et-Tobago,Americas,Latin America and the Caribbean,Caribbean
216,TN,TUN,Tunisia,Tunisie,Africa,Northern Africa,
90,TR,TUR,Turkey,Türkiye,Asia,Western Asia,
993,TM,TKM,Turkmenistan,Turkménistan,Asia,Central Asia,
1649,TC,TCA,Turks and Caicos Islands,Îles Turques-et-Caïques,Americas,Latin America and the Caribbean,Caribbean
688,TV,TUV,Tuvalu,Tuvalu,Oceania,Polynesia,
256,UG,UGA,Uganda,Ouganda,Africa,Sub-Saharan Africa,Eastern Africa
380,UA,UKR,Ukraine,Ukraine,Europe,Eastern Europe,
971,AE,ARE,United Arab Emirates,Émirats arabes unis,Asia,Western Asia,
44,GB,GBR,United Kingdom,Royaume-Uni,Europe,Northern Europe,
255,TZ,TZA,United Republic of Tanzania,République-Unie de Tanzanie,Africa,Sub-Saharan Africa,Eastern Africa
1,US,USA,United States of America,États-Unis d’Amérique,Americas,Northern America,
1340,VI,VIR,United States Virgin Islands,Îles Vierges américaines,Americas,Latin America and the Caribbean,Caribbean
598,UY,URY,Uruguay,Uruguay,Americas,Latin America and the Caribbean,South America
998,UZ,UZB,Uzbekistan,Ouzbékistan,Asia,Central Asia,
678,VU,VUT,Vanuatu,Vanuatu,Oceania,Melanesia,
58,VE,VEN,Venezuela (Bolivarian Republic of),Venezuela (République bolivarienne du),Americas,Latin America and the Caribbean,South America
84,VN,VNM,Vietnam,Vietnam,Asia,South-eastern Asia,
681,WF,WLF,Wallis and Futuna Islands,Îles Wallis-et-Futuna,Oceania,Polynesia,
212,EH,ESH,Western Sahara,Sahara occidental,Africa,Northern Africa,
967,YE,YEM,Yemen,Yémen,Asia,Western Asia,
260,ZM,ZMB,Zambia,Zambie,Africa,Sub-Saharan Africa,Eastern Africa
263,ZW,ZWE,Zimbabwe,Zimbabwe,Africa,Sub-Saharan Africa,Eastern Africa
383,XK,XKX,Kosovo,Kosovo,Europe,Eastern Europe,
590,-,-,Caraibe,Caraibe,Americas,Latin America and the Caribbean,Caribbean
599,-,-,Netherlands Antilles,Antilles Néerlandaises,Americas,Latin America and the Caribbean,Caribbean

